task,family,seed,mode,acc,eps,support_size,support
country-continent,knowledge,0,oracle,0.9,0,1,country-continent
country-continent,knowledge,0,naive,0.0,1,0,all
country-continent,knowledge,0,cass,0.62,0.8292,3,landmark-country|park-country|person-sport
country-continent,knowledge,0,zvec,0.52,0.8292,3,landmark-country|park-country|person-sport
country-continent,knowledge,1,cass,0.38,0.7535,4,landmark-country|park-country|person-sport|product-company
country-continent,knowledge,1,zvec,0.28,0.7535,4,landmark-country|park-country|person-sport|product-company
country-continent,knowledge,2,cass,0.32,0.8622,2,park-country|person-sport
country-continent,knowledge,2,zvec,0.04,0.8622,2,park-country|person-sport
country-continent,knowledge,3,cass,0.4,0.7791,5,country-currency|landmark-country|park-country|person-occupation|person-sport
country-continent,knowledge,4,cass,0.7,0.7904,3,landmark-country|park-country|person-sport
element-symbol,knowledge,0,oracle,0.6,0,1,element-symbol
element-symbol,knowledge,0,naive,0.0,1,0,all
element-symbol,knowledge,0,cass,0.0,0.91,4,capitalize-first-letter|capitalize-last-letter|lowercase-first-letter|next-capital-letter
element-symbol,knowledge,0,zvec,0.02,0.91,4,capitalize-first-letter|capitalize-last-letter|lowercase-first-letter|next-capital-letter
element-symbol,knowledge,1,cass,0.0,0.9026,5,singular-plural|capitalize-first-letter|capitalize-last-letter|lowercase-first-letter|next-capital-letter
element-symbol,knowledge,1,zvec,0.02,0.9026,5,singular-plural|capitalize-first-letter|capitalize-last-letter|lowercase-first-letter|next-capital-letter
element-symbol,knowledge,2,cass,0.58,0.9645,5,lowercase-first-letter|english-german|alphabetically-first|alphabetically-last|choose-middle-of-list
element-symbol,knowledge,2,zvec,0.58,0.9645,5,lowercase-first-letter|english-german|alphabetically-first|alphabetically-last|choose-middle-of-list
element-symbol,knowledge,3,cass,0.22,0.9317,3,country-currency|english-spanish|alphabetically-first
element-symbol,knowledge,4,cass,0.58,0.9347,4,lowercase-first-letter|alphabetically-first|choose-first-of-list|choose-middle-of-list
animal-baby,knowledge,0,oracle,0.0,0,1,animal-baby
animal-baby,knowledge,0,naive,0.0,1,0,all
animal-baby,knowledge,0,cass,0.0,0.9295,4,country-currency|park-country|person-instrument|product-company
animal-baby,knowledge,0,zvec,0.0,0.9295,4,country-currency|park-country|person-instrument|product-company
animal-baby,knowledge,1,cass,0.0,0.9272,5,country-capital|country-currency|person-instrument|product-company|synonym
animal-baby,knowledge,1,zvec,0.02,0.9272,5,country-capital|country-currency|person-instrument|product-company|synonym
animal-baby,knowledge,2,cass,0.0,0.9008,5,country-capital|country-currency|park-country|person-instrument|product-company
animal-baby,knowledge,2,zvec,0.0,0.9008,5,country-capital|country-currency|park-country|person-instrument|product-company
animal-baby,knowledge,3,cass,0.0,0.9656,4,country-currency|park-country|person-instrument|product-company
animal-baby,knowledge,4,cass,0.0,0.9989,1,person-occupation
fruit-color,knowledge,0,oracle,0.06,0,1,fruit-color
fruit-color,knowledge,0,naive,0.06,1,0,all
fruit-color,knowledge,0,cass,0.08,0.9555,4,person-instrument|product-company|capitalize-last-letter|lowercase-first-letter
fruit-color,knowledge,0,zvec,0.16,0.9555,4,person-instrument|product-company|capitalize-last-letter|lowercase-first-letter
fruit-color,knowledge,1,cass,0.06,0.9676,4,person-instrument|product-company|capitalize-last-letter|word-length
fruit-color,knowledge,1,zvec,0.08,0.9676,4,person-instrument|product-company|capitalize-last-letter|word-length
fruit-color,knowledge,2,cass,0.06,0.9262,5,person-instrument|product-company|capitalize-first-letter|capitalize-last-letter|lowercase-first-letter
fruit-color,knowledge,2,zvec,0.06,0.9262,5,person-instrument|product-company|capitalize-first-letter|capitalize-last-letter|lowercase-first-letter
fruit-color,knowledge,3,cass,0.06,0.9306,5,person-instrument|product-company|capitalize-last-letter|next-capital-letter|word-length
fruit-color,knowledge,4,cass,0.02,0.945,2,person-instrument|product-company
profession-workplace,knowledge,0,oracle,0.37142857142857144,0,1,profession-workplace
profession-workplace,knowledge,0,naive,0.0,1,0,all
profession-workplace,knowledge,0,cass,0.05714285714285714,0.8922,5,person-occupation|person-sport|person-instrument|product-company|synonym
profession-workplace,knowledge,0,zvec,0.08571428571428572,0.8922,5,person-occupation|person-sport|person-instrument|product-company|synonym
profession-workplace,knowledge,1,cass,0.02857142857142857,0.9353,2,product-company|synonym
profession-workplace,knowledge,1,zvec,0.08571428571428572,0.9353,2,product-company|synonym
profession-workplace,knowledge,2,cass,0.02857142857142857,0.8583,5,person-occupation|person-sport|person-instrument|product-company|synonym
profession-workplace,knowledge,2,zvec,0.02857142857142857,0.8583,5,person-occupation|person-sport|person-instrument|product-company|synonym
profession-workplace,knowledge,3,cass,0.05714285714285714,0.9236,4,person-occupation|person-sport|product-company|synonym
profession-workplace,knowledge,4,cass,0.02857142857142857,0.9289,3,park-country|product-company|synonym
capital-country,knowledge,0,oracle,0.7916666666666666,0,1,capital-country
capital-country,knowledge,0,naive,0.041666666666666664,1,0,all
capital-country,knowledge,0,cass,0.8541666666666666,0.7887,5,country-capital|country-currency|landmark-country|park-country|product-company
capital-country,knowledge,0,zvec,0.8541666666666666,0.7887,5,country-capital|country-currency|landmark-country|park-country|product-company
capital-country,knowledge,1,cass,0.8541666666666666,0.7311,4,country-currency|landmark-country|park-country|product-company
capital-country,knowledge,1,zvec,0.875,0.7311,4,country-currency|landmark-country|park-country|product-company
capital-country,knowledge,2,cass,0.875,0.783,4,country-capital|country-currency|landmark-country|park-country
capital-country,knowledge,2,zvec,0.8958333333333334,0.783,4,country-capital|country-currency|landmark-country|park-country
capital-country,knowledge,3,cass,0.7916666666666666,0.6869,5,country-capital|country-currency|landmark-country|park-country|product-company
capital-country,knowledge,4,cass,0.875,0.6544,5,country-capital|country-currency|landmark-country|park-country|product-company
verb-gerund,linguistic,0,oracle,0.66,0,1,verb-gerund
verb-gerund,linguistic,0,naive,0.0,1,0,all
verb-gerund,linguistic,0,cass,0.02,0.7209,5,antonym|present-past|singular-plural|capitalize|english-spanish
verb-gerund,linguistic,0,zvec,0.04,0.7209,5,antonym|present-past|singular-plural|capitalize|english-spanish
verb-gerund,linguistic,1,cass,0.04,0.7464,5,synonym|present-past|singular-plural|capitalize|alphabetically-first
verb-gerund,linguistic,1,zvec,0.16,0.7464,5,synonym|present-past|singular-plural|capitalize|alphabetically-first
verb-gerund,linguistic,2,cass,0.04,0.7483,4,antonym|present-past|singular-plural|capitalize
verb-gerund,linguistic,2,zvec,0.08,0.7483,4,antonym|present-past|singular-plural|capitalize
verb-gerund,linguistic,3,cass,0.04,0.7099,3,synonym|present-past|singular-plural
verb-gerund,linguistic,4,cass,0.04,0.6823,5,synonym|present-past|singular-plural|capitalize|alphabetically-first
adjective-comparative,linguistic,0,oracle,0.0,0,1,adjective-comparative
adjective-comparative,linguistic,0,naive,0.0,1,0,all
adjective-comparative,linguistic,0,cass,0.0,0.8413,3,present-past|singular-plural|capitalize
adjective-comparative,linguistic,0,zvec,0.0,0.8413,3,present-past|singular-plural|capitalize
adjective-comparative,linguistic,1,cass,0.0,0.8504,5,present-past|singular-plural|capitalize|next-item|prev-item
adjective-comparative,linguistic,1,zvec,0.0,0.8504,5,present-past|singular-plural|capitalize|next-item|prev-item
adjective-comparative,linguistic,2,cass,0.0,0.8358,5,present-past|singular-plural|capitalize|next-item|prev-item
adjective-comparative,linguistic,2,zvec,0.0,0.8358,5,present-past|singular-plural|capitalize|next-item|prev-item
adjective-comparative,linguistic,3,cass,0.0,0.8389,5,present-past|singular-plural|capitalize|next-item|prev-item
adjective-comparative,linguistic,4,cass,0.02,0.8743,4,present-past|singular-plural|capitalize|next-item
adjective-adverb,linguistic,0,oracle,0.88,0,1,adjective-adverb
adjective-adverb,linguistic,0,naive,0.06,1,0,all
adjective-adverb,linguistic,0,cass,0.66,0.7799,4,present-past|singular-plural|english-french|alphabetically-first
adjective-adverb,linguistic,0,zvec,0.64,0.7799,4,present-past|singular-plural|english-french|alphabetically-first
adjective-adverb,linguistic,1,cass,0.62,0.7818,2,present-past|singular-plural
adjective-adverb,linguistic,1,zvec,0.64,0.7818,2,present-past|singular-plural
adjective-adverb,linguistic,2,cass,0.66,0.7568,4,present-past|singular-plural|capitalize|english-french
adjective-adverb,linguistic,2,zvec,0.68,0.7568,4,present-past|singular-plural|capitalize|english-french
adjective-adverb,linguistic,3,cass,0.62,0.7415,4,present-past|singular-plural|capitalize|english-french
adjective-adverb,linguistic,4,cass,0.56,0.7655,5,synonym|present-past|singular-plural|capitalize|english-french
past-present,linguistic,0,oracle,0.92,0,1,past-present
past-present,linguistic,0,naive,0.08,1,0,all
past-present,linguistic,0,cass,0.18,0.8097,3,present-past|singular-plural|capitalize
past-present,linguistic,0,zvec,0.74,0.8097,3,present-past|singular-plural|capitalize
past-present,linguistic,1,cass,0.2,0.7814,3,present-past|singular-plural|choose-middle-of-list
past-present,linguistic,1,zvec,0.7,0.7814,3,present-past|singular-plural|choose-middle-of-list
past-present,linguistic,2,cass,0.12,0.8105,4,present-past|singular-plural|capitalize|english-french
past-present,linguistic,2,zvec,0.66,0.8105,4,present-past|singular-plural|capitalize|english-french
past-present,linguistic,3,cass,0.16,0.7987,5,present-past|singular-plural|lowercase-first-letter|alphabetically-last|choose-middle-of-list
past-present,linguistic,4,cass,0.22,0.831,4,synonym|present-past|singular-plural|alphabetically-first
english-italian,translation,0,oracle,0.5,0,1,english-italian
english-italian,translation,0,naive,0.0,1,0,all
english-italian,translation,0,cass,0.34,0.6544,5,synonym|english-french|english-german|english-spanish|alphabetically-first
english-italian,translation,0,zvec,0.04,0.6544,5,synonym|english-french|english-german|english-spanish|alphabetically-first
english-italian,translation,1,cass,0.06,0.7439,4,english-french|english-german|english-spanish|alphabetically-first
english-italian,translation,1,zvec,0.0,0.7439,4,english-french|english-german|english-spanish|alphabetically-first
english-italian,translation,2,cass,0.42,0.7471,5,synonym|english-french|english-german|english-spanish|alphabetically-first
english-italian,translation,2,zvec,0.06,0.7471,5,synonym|english-french|english-german|english-spanish|alphabetically-first
english-italian,translation,3,cass,0.32,0.724,3,english-french|english-german|english-spanish
english-italian,translation,4,cass,0.22,0.5753,5,english-french|english-german|english-spanish|alphabetically-last|choose-middle-of-list
english-portuguese,translation,0,oracle,0.64,0,1,english-portuguese
english-portuguese,translation,0,naive,0.0,1,0,all
english-portuguese,translation,0,cass,0.54,0.7506,5,synonym|english-french|english-german|english-spanish|alphabetically-first
english-portuguese,translation,0,zvec,0.12,0.7506,5,synonym|english-french|english-german|english-spanish|alphabetically-first
english-portuguese,translation,1,cass,0.44,0.6777,5,english-french|english-german|english-spanish|alphabetically-first|alphabetically-last
english-portuguese,translation,1,zvec,0.1,0.6777,5,english-french|english-german|english-spanish|alphabetically-first|alphabetically-last
english-portuguese,translation,2,cass,0.42,0.7587,3,english-french|english-german|english-spanish
english-portuguese,translation,2,zvec,0.02,0.7587,3,english-french|english-german|english-spanish
english-portuguese,translation,3,cass,0.66,0.6867,5,english-french|english-german|english-spanish|alphabetically-last|choose-middle-of-list
english-portuguese,translation,4,cass,0.36,0.5589,5,english-french|english-german|english-spanish|choose-first-of-list|choose-middle-of-list
french-english,translation,0,oracle,0.68,0,1,french-english
french-english,translation,0,naive,0.46,1,0,all
french-english,translation,0,cass,0.7,0.918,3,english-french|english-german|english-spanish
french-english,translation,0,zvec,0.72,0.918,3,english-french|english-german|english-spanish
french-english,translation,1,cass,0.56,0.8528,5,english-french|english-german|english-spanish|choose-middle-of-list|animal-from-list
french-english,translation,1,zvec,0.68,0.8528,5,english-french|english-german|english-spanish|choose-middle-of-list|animal-from-list
french-english,translation,2,cass,0.48,0.8227,5,synonym|english-french|english-german|english-spanish|animal-from-list
french-english,translation,2,zvec,0.62,0.8227,5,synonym|english-french|english-german|english-spanish|animal-from-list
french-english,translation,3,cass,0.7,0.9025,4,synonym|english-french|english-german|english-spanish
french-english,translation,4,cass,0.54,0.7788,5,synonym|english-german|english-spanish|alphabetically-first|animal-from-list
word-last-letter,algorithmic,0,oracle,0.04,0,1,word-last-letter
word-last-letter,algorithmic,0,naive,0.02,1,0,all
word-last-letter,algorithmic,0,cass,0.0,0.6285,5,capitalize-last-letter|lowercase-first-letter|next-capital-letter|word-length|choose-middle-of-list
word-last-letter,algorithmic,0,zvec,0.0,0.6285,5,capitalize-last-letter|lowercase-first-letter|next-capital-letter|word-length|choose-middle-of-list
word-last-letter,algorithmic,1,cass,0.0,0.61,5,capitalize-first-letter|capitalize-last-letter|lowercase-first-letter|prev-item|next-capital-letter
word-last-letter,algorithmic,1,zvec,0.0,0.61,5,capitalize-first-letter|capitalize-last-letter|lowercase-first-letter|prev-item|next-capital-letter
word-last-letter,algorithmic,2,cass,0.0,0.754,4,capitalize-first-letter|capitalize-last-letter|lowercase-first-letter|next-capital-letter
word-last-letter,algorithmic,2,zvec,0.0,0.754,4,capitalize-first-letter|capitalize-last-letter|lowercase-first-letter|next-capital-letter
word-last-letter,algorithmic,3,cass,0.0,0.8296,4,capitalize-first-letter|capitalize-last-letter|lowercase-first-letter|next-capital-letter
word-last-letter,algorithmic,4,cass,0.0,0.6649,5,capitalize-first-letter|capitalize-last-letter|lowercase-first-letter|prev-item|next-capital-letter
number-plus-one,algorithmic,0,oracle,0.06,0,1,number-plus-one
number-plus-one,algorithmic,0,naive,0.0,1,0,all
number-plus-one,algorithmic,0,cass,1.0,0.8579,2,next-item|word-length
number-plus-one,algorithmic,0,zvec,0.78,0.8579,2,next-item|word-length
number-plus-one,algorithmic,1,cass,1.0,0.8104,5,present-past|capitalize|next-item|prev-item|word-length
number-plus-one,algorithmic,1,zvec,0.72,0.8104,5,present-past|capitalize|next-item|prev-item|word-length
number-plus-one,algorithmic,2,cass,1.0,0.8592,4,present-past|next-item|prev-item|word-length
number-plus-one,algorithmic,2,zvec,0.74,0.8592,4,present-past|next-item|prev-item|word-length
number-plus-one,algorithmic,3,cass,1.0,0.798,3,next-item|prev-item|word-length
number-plus-one,algorithmic,4,cass,1.0,0.7671,5,present-past|next-item|prev-item|word-length|alphabetically-last
