task,family,k,seed,mode,acc,eps,support_size,support,lam,delta_norm
country-capital,knowledge,0,0,oracle,0.4897959183673469,0,1,country-capital,0,5.424318955603735
country-capital,knowledge,0,0,naive,0.04081632653061224,1,31,all,0,0
country-capital,knowledge,4,0,cass,0.3877551020408163,0.7869,3,country-currency|landmark-country|product-company,0.2091,5.27
country-capital,knowledge,4,0,cass_recon,0.02040816326530612,0.7869,3,country-currency|landmark-country|product-company,0.2091,5.27
country-capital,knowledge,4,0,zvec,0.08163265306122448,0.7869,3,country-currency|landmark-country|product-company,0.2091,5.27
country-capital,knowledge,4,1,cass,0.12244897959183673,0.7491,4,country-currency|landmark-country|park-country|product-company,0.1754,5.2
country-capital,knowledge,4,1,cass_recon,0.02040816326530612,0.7491,4,country-currency|landmark-country|park-country|product-company,0.1754,5.2
country-capital,knowledge,4,1,zvec,0.02040816326530612,0.7491,4,country-currency|landmark-country|park-country|product-company,0.1754,5.2
country-capital,knowledge,4,2,cass,0.2857142857142857,0.7478,4,country-currency|landmark-country|park-country|product-company,0.1713,5.13
country-capital,knowledge,4,2,cass_recon,0.02040816326530612,0.7478,4,country-currency|landmark-country|park-country|product-company,0.1713,5.13
country-capital,knowledge,4,2,zvec,0.10204081632653061,0.7478,4,country-currency|landmark-country|park-country|product-company,0.1713,5.13
country-capital,knowledge,4,3,cass,0.46938775510204084,0.7637,3,country-currency|landmark-country|product-company,0.166,5.2
country-capital,knowledge,4,4,cass,0.42857142857142855,0.7465,5,country-currency|landmark-country|product-company|english-spanish|animal-from-list,0.1378,5.14
country-currency,knowledge,0,0,oracle,0.02040816326530612,0,1,country-currency,0,4.642193727782727
country-currency,knowledge,0,0,naive,0.0,1,31,all,0,0
country-currency,knowledge,4,0,cass,0.0,0.7216,4,country-capital|park-country|person-sport|person-instrument,0.1476,3.67
country-currency,knowledge,4,0,cass_recon,0.0,0.7216,4,country-capital|park-country|person-sport|person-instrument,0.1476,3.67
country-currency,knowledge,4,0,zvec,0.0,0.7216,4,country-capital|park-country|person-sport|person-instrument,0.1476,3.67
country-currency,knowledge,4,1,cass,0.0,0.7893,5,country-capital|park-country|person-sport|alphabetically-last|verb-from-list,0.1127,2.99
country-currency,knowledge,4,1,cass_recon,0.0,0.7893,5,country-capital|park-country|person-sport|alphabetically-last|verb-from-list,0.1127,2.99
country-currency,knowledge,4,1,zvec,0.0,0.7893,5,country-capital|park-country|person-sport|alphabetically-last|verb-from-list,0.1127,2.99
country-currency,knowledge,4,2,cass,0.0,0.8019,3,country-capital|park-country|person-sport,0.19,3.86
country-currency,knowledge,4,2,cass_recon,0.0,0.8019,3,country-capital|park-country|person-sport,0.19,3.86
country-currency,knowledge,4,2,zvec,0.0,0.8019,3,country-capital|park-country|person-sport,0.19,3.86
country-currency,knowledge,4,3,cass,0.0,0.7733,5,country-capital|park-country|person-sport|alphabetically-last|verb-from-list,0.1767,4.42
country-currency,knowledge,4,4,cass,0.0,0.8148,2,country-capital|park-country,0.2386,3.82
landmark-country,knowledge,0,0,oracle,0.44,0,1,landmark-country,0,5.326724328514022
landmark-country,knowledge,0,0,naive,0.0,1,31,all,0,0
landmark-country,knowledge,4,0,cass,0.3,0.5415,5,country-capital|park-country|person-occupation|person-sport|product-company,0.0892,4.11
landmark-country,knowledge,4,0,cass_recon,0.38,0.5415,5,country-capital|park-country|person-occupation|person-sport|product-company,0.0892,4.11
landmark-country,knowledge,4,0,zvec,0.04,0.5415,5,country-capital|park-country|person-occupation|person-sport|product-company,0.0892,4.11
landmark-country,knowledge,4,1,cass,0.4,0.6241,4,park-country|person-sport|person-instrument|product-company,0.1356,4.36
landmark-country,knowledge,4,1,cass_recon,0.42,0.6241,4,park-country|person-sport|person-instrument|product-company,0.1356,4.36
landmark-country,knowledge,4,1,zvec,0.08,0.6241,4,park-country|person-sport|person-instrument|product-company,0.1356,4.36
landmark-country,knowledge,4,2,cass,0.5,0.5565,5,park-country|person-occupation|person-sport|product-company|next-item,0.1697,6.42
landmark-country,knowledge,4,2,cass_recon,0.46,0.5565,5,park-country|person-occupation|person-sport|product-company|next-item,0.1697,6.42
landmark-country,knowledge,4,2,zvec,0.08,0.5565,5,park-country|person-occupation|person-sport|product-company|next-item,0.1697,6.42
landmark-country,knowledge,4,3,cass,0.54,0.5604,5,park-country|person-occupation|person-sport|product-company|next-item,0.1702,6.41
landmark-country,knowledge,4,4,cass,0.42,0.5921,5,park-country|person-occupation|person-sport|person-instrument|product-company,0.1237,4.86
park-country,knowledge,0,0,oracle,0.58,0,1,park-country,0,5.898588526051772
park-country,knowledge,0,0,naive,0.0,1,31,all,0,0
park-country,knowledge,4,0,cass,0.46,0.5373,4,country-currency|landmark-country|person-sport|product-company,0.0958,4.2
park-country,knowledge,4,0,cass_recon,0.52,0.5373,4,country-currency|landmark-country|person-sport|product-company,0.0958,4.2
park-country,knowledge,4,0,zvec,0.02,0.5373,4,country-currency|landmark-country|person-sport|product-company,0.0958,4.2
park-country,knowledge,4,1,cass,0.44,0.5262,4,country-currency|landmark-country|person-sport|product-company,0.1564,5.49
park-country,knowledge,4,1,cass_recon,0.42,0.5262,4,country-currency|landmark-country|person-sport|product-company,0.1564,5.49
park-country,knowledge,4,1,zvec,0.02,0.5262,4,country-currency|landmark-country|person-sport|product-company,0.1564,5.49
park-country,knowledge,4,2,cass,0.18,0.5097,4,country-capital|country-currency|landmark-country|product-company,0.1259,5.41
park-country,knowledge,4,2,cass_recon,0.36,0.5097,4,country-capital|country-currency|landmark-country|product-company,0.1259,5.41
park-country,knowledge,4,2,zvec,0.02,0.5097,4,country-capital|country-currency|landmark-country|product-company,0.1259,5.41
park-country,knowledge,4,3,cass,0.26,0.5337,4,country-currency|landmark-country|product-company|capitalize-last-letter,0.0863,3.76
park-country,knowledge,4,4,cass,0.3,0.5052,4,country-capital|country-currency|landmark-country|product-company,0.1428,6.19
person-occupation,knowledge,0,0,oracle,0.0,0,1,person-occupation,0,3.340051967045005
person-occupation,knowledge,0,0,naive,0.0,1,31,all,0,0
person-occupation,knowledge,4,0,cass,0.0,0.607,5,landmark-country|person-sport|person-instrument|product-company|synonym,0.0531,2.49
person-occupation,knowledge,4,0,cass_recon,0.0,0.607,5,landmark-country|person-sport|person-instrument|product-company|synonym,0.0531,2.49
person-occupation,knowledge,4,0,zvec,0.0,0.607,5,landmark-country|person-sport|person-instrument|product-company|synonym,0.0531,2.49
person-occupation,knowledge,4,1,cass,0.1,0.6973,5,landmark-country|person-sport|person-instrument|product-company|synonym,0.0293,1.28
person-occupation,knowledge,4,1,cass_recon,0.02,0.6973,5,landmark-country|person-sport|person-instrument|product-company|synonym,0.0293,1.28
person-occupation,knowledge,4,1,zvec,0.0,0.6973,5,landmark-country|person-sport|person-instrument|product-company|synonym,0.0293,1.28
person-occupation,knowledge,4,2,cass,0.04,0.5856,5,landmark-country|person-sport|person-instrument|product-company|synonym,0.1033,4.85
person-occupation,knowledge,4,2,cass_recon,0.0,0.5856,5,landmark-country|person-sport|person-instrument|product-company|synonym,0.1033,4.85
person-occupation,knowledge,4,2,zvec,0.0,0.5856,5,landmark-country|person-sport|person-instrument|product-company|synonym,0.1033,4.85
person-occupation,knowledge,4,3,cass,0.04,0.6615,5,landmark-country|person-sport|person-instrument|product-company|synonym,0.0381,1.59
person-occupation,knowledge,4,4,cass,0.0,0.7398,4,person-sport|person-instrument|product-company|synonym,0.0468,1.7
person-sport,knowledge,0,0,oracle,0.06,0,1,person-sport,0,4.846070539072565
person-sport,knowledge,0,0,naive,0.0,1,31,all,0,0
person-sport,knowledge,4,0,cass,0.02,0.6658,5,landmark-country|person-occupation|person-instrument|product-company|lowercase-first-letter,0.0904,3.22
person-sport,knowledge,4,0,cass_recon,0.02,0.6658,5,landmark-country|person-occupation|person-instrument|product-company|lowercase-first-letter,0.0904,3.22
person-sport,knowledge,4,0,zvec,0.0,0.6658,5,landmark-country|person-occupation|person-instrument|product-company|lowercase-first-letter,0.0904,3.22
person-sport,knowledge,4,1,cass,0.02,0.6562,4,landmark-country|person-occupation|person-instrument|product-company,0.1055,3.65
person-sport,knowledge,4,1,cass_recon,0.02,0.6562,4,landmark-country|person-occupation|person-instrument|product-company,0.1055,3.65
person-sport,knowledge,4,1,zvec,0.0,0.6562,4,landmark-country|person-occupation|person-instrument|product-company,0.1055,3.65
person-sport,knowledge,4,2,cass,0.02,0.7392,4,landmark-country|person-occupation|person-instrument|product-company,0.0413,1.37
person-sport,knowledge,4,2,cass_recon,0.02,0.7392,4,landmark-country|person-occupation|person-instrument|product-company,0.0413,1.37
person-sport,knowledge,4,2,zvec,0.0,0.7392,4,landmark-country|person-occupation|person-instrument|product-company,0.0413,1.37
person-sport,knowledge,4,3,cass,0.02,0.6819,5,landmark-country|person-occupation|person-instrument|product-company|lowercase-first-letter,0.0828,3.05
person-sport,knowledge,4,4,cass,0.02,0.6651,5,landmark-country|person-occupation|person-instrument|product-company|lowercase-first-letter,0.0777,2.76
person-instrument,knowledge,0,0,oracle,0.08,0,1,person-instrument,0,2.4218411155147983
person-instrument,knowledge,0,0,naive,0.0,1,31,all,0,0
person-instrument,knowledge,4,0,cass,0.16,0.8742,4,person-occupation|person-sport|capitalize-last-letter|next-item,0.0244,0.66
person-instrument,knowledge,4,0,cass_recon,0.16,0.8742,4,person-occupation|person-sport|capitalize-last-letter|next-item,0.0244,0.66
person-instrument,knowledge,4,0,zvec,0.0,0.8742,4,person-occupation|person-sport|capitalize-last-letter|next-item,0.0244,0.66
person-instrument,knowledge,4,1,cass,0.04,0.7674,3,person-occupation|person-sport|product-company,0.0235,0.79
person-instrument,knowledge,4,1,cass_recon,0.06,0.7674,3,person-occupation|person-sport|product-company,0.0235,0.79
person-instrument,knowledge,4,1,zvec,0.0,0.7674,3,person-occupation|person-sport|product-company,0.0235,0.79
person-instrument,knowledge,4,2,cass,0.12,0.8537,5,person-occupation|person-sport|capitalize-last-letter|lowercase-first-letter|next-capital-letter,0.0384,1.04
person-instrument,knowledge,4,2,cass_recon,0.08,0.8537,5,person-occupation|person-sport|capitalize-last-letter|lowercase-first-letter|next-capital-letter,0.0384,1.04
person-instrument,knowledge,4,2,zvec,0.0,0.8537,5,person-occupation|person-sport|capitalize-last-letter|lowercase-first-letter|next-capital-letter,0.0384,1.04
person-instrument,knowledge,4,3,cass,0.12,0.8914,5,person-occupation|person-sport|capitalize-last-letter|lowercase-first-letter|next-capital-letter,0.0303,0.65
person-instrument,knowledge,4,4,cass,0.1,0.7311,4,person-occupation|person-sport|product-company|lowercase-first-letter,0.027,0.77
product-company,knowledge,0,0,oracle,0.2,0,1,product-company,0,4.508439446518559
product-company,knowledge,0,0,naive,0.0,1,31,all,0,0
product-company,knowledge,4,0,cass,0.34,0.7847,5,landmark-country|person-occupation|person-sport|person-instrument|synonym,0.208,4.25
product-company,knowledge,4,0,cass_recon,0.28,0.7847,5,landmark-country|person-occupation|person-sport|person-instrument|synonym,0.208,4.25
product-company,knowledge,4,0,zvec,0.0,0.7847,5,landmark-country|person-occupation|person-sport|person-instrument|synonym,0.208,4.25
product-company,knowledge,4,1,cass,0.34,0.7811,5,landmark-country|person-occupation|person-sport|person-instrument|capitalize-first-letter,0.2627,5.19
product-company,knowledge,4,1,cass_recon,0.3,0.7811,5,landmark-country|person-occupation|person-sport|person-instrument|capitalize-first-letter,0.2627,5.19
product-company,knowledge,4,1,zvec,0.0,0.7811,5,landmark-country|person-occupation|person-sport|person-instrument|capitalize-first-letter,0.2627,5.19
product-company,knowledge,4,2,cass,0.28,0.7815,4,landmark-country|person-occupation|person-sport|person-instrument,0.2001,4.01
product-company,knowledge,4,2,cass_recon,0.3,0.7815,4,landmark-country|person-occupation|person-sport|person-instrument,0.2001,4.01
product-company,knowledge,4,2,zvec,0.0,0.7815,4,landmark-country|person-occupation|person-sport|person-instrument,0.2001,4.01
product-company,knowledge,4,3,cass,0.3,0.8281,3,landmark-country|person-occupation|person-sport,0.3026,5.42
product-company,knowledge,4,4,cass,0.26,0.7706,4,landmark-country|person-occupation|person-sport|person-instrument,0.2272,4.66
antonym,linguistic,0,0,oracle,0.58,0,1,antonym,0,4.9340990935421525
antonym,linguistic,0,0,naive,0.02,1,31,all,0,0
antonym,linguistic,4,0,cass,0.56,0.7586,3,synonym|next-item|prev-item,0.1386,4.77
antonym,linguistic,4,0,cass_recon,0.48,0.7586,3,synonym|next-item|prev-item,0.1386,4.77
antonym,linguistic,4,0,zvec,0.32,0.7586,3,synonym|next-item|prev-item,0.1386,4.77
antonym,linguistic,4,1,cass,0.52,0.791,5,synonym|next-item|prev-item|alphabetically-last|choose-first-of-list,0.0858,3.65
antonym,linguistic,4,1,cass_recon,0.48,0.791,5,synonym|next-item|prev-item|alphabetically-last|choose-first-of-list,0.0858,3.65
antonym,linguistic,4,1,zvec,0.26,0.791,5,synonym|next-item|prev-item|alphabetically-last|choose-first-of-list,0.0858,3.65
antonym,linguistic,4,2,cass,0.5,0.766,5,synonym|english-german|english-spanish|next-item|prev-item,0.1179,5.06
antonym,linguistic,4,2,cass_recon,0.5,0.766,5,synonym|english-german|english-spanish|next-item|prev-item,0.1179,5.06
antonym,linguistic,4,2,zvec,0.3,0.766,5,synonym|english-german|english-spanish|next-item|prev-item,0.1179,5.06
antonym,linguistic,4,3,cass,0.5,0.7694,4,synonym|english-german|next-item|prev-item,0.1435,5.08
antonym,linguistic,4,4,cass,0.5,0.8418,4,synonym|next-item|prev-item|alphabetically-last,0.171,4.54
synonym,linguistic,0,0,oracle,0.16,0,1,synonym,0,5.081175217695429
synonym,linguistic,0,0,naive,0.0,1,31,all,0,0
synonym,linguistic,4,0,cass,0.08,0.833,5,capitalize-first-letter|english-french|english-german|english-spanish|choose-middle-of-list,0.1789,4.28
synonym,linguistic,4,0,cass_recon,0.08,0.833,5,capitalize-first-letter|english-french|english-german|english-spanish|choose-middle-of-list,0.1789,4.28
synonym,linguistic,4,0,zvec,0.02,0.833,5,capitalize-first-letter|english-french|english-german|english-spanish|choose-middle-of-list,0.1789,4.28
synonym,linguistic,4,1,cass,0.1,0.8808,2,english-french|english-german,0.3546,4.98
synonym,linguistic,4,1,cass_recon,0.0,0.8808,2,english-french|english-german,0.3546,4.98
synonym,linguistic,4,1,zvec,0.02,0.8808,2,english-french|english-german,0.3546,4.98
synonym,linguistic,4,2,cass,0.08,0.8614,4,english-french|english-german|english-spanish|choose-middle-of-list,0.2145,4.09
synonym,linguistic,4,2,cass_recon,0.0,0.8614,4,english-french|english-german|english-spanish|choose-middle-of-list,0.2145,4.09
synonym,linguistic,4,2,zvec,0.02,0.8614,4,english-french|english-german|english-spanish|choose-middle-of-list,0.2145,4.09
synonym,linguistic,4,3,cass,0.06,0.8946,5,english-french|english-german|english-spanish|alphabetically-first|choose-middle-of-list,0.2214,3.48
synonym,linguistic,4,4,cass,0.16,0.7843,4,antonym|english-french|english-german|animal-from-list,0.1917,4.16
present-past,linguistic,0,0,oracle,0.16,0,1,present-past,0,5.811390095841493
present-past,linguistic,0,0,naive,0.02,1,31,all,0,0
present-past,linguistic,4,0,cass,0.08,0.742,4,singular-plural|capitalize|english-spanish|alphabetically-last,0.239,5.7
present-past,linguistic,4,0,cass_recon,0.04,0.742,4,singular-plural|capitalize|english-spanish|alphabetically-last,0.239,5.7
present-past,linguistic,4,0,zvec,0.02,0.742,4,singular-plural|capitalize|english-spanish|alphabetically-last,0.239,5.7
present-past,linguistic,4,1,cass,0.18,0.6925,5,antonym|singular-plural|capitalize|english-german|english-spanish,0.1537,5.65
present-past,linguistic,4,1,cass_recon,0.1,0.6925,5,antonym|singular-plural|capitalize|english-german|english-spanish,0.1537,5.65
present-past,linguistic,4,1,zvec,0.02,0.6925,5,antonym|singular-plural|capitalize|english-german|english-spanish,0.1537,5.65
present-past,linguistic,4,2,cass,0.12,0.7093,4,singular-plural|capitalize|english-french|english-spanish,0.232,5.63
present-past,linguistic,4,2,cass_recon,0.06,0.7093,4,singular-plural|capitalize|english-french|english-spanish,0.232,5.63
present-past,linguistic,4,2,zvec,0.02,0.7093,4,singular-plural|capitalize|english-french|english-spanish,0.232,5.63
present-past,linguistic,4,3,cass,0.12,0.7137,4,singular-plural|capitalize|english-french|english-spanish,0.2225,5.45
present-past,linguistic,4,4,cass,0.16,0.7666,4,singular-plural|capitalize|english-french|english-spanish,0.2598,5.35
singular-plural,linguistic,0,0,oracle,0.28,0,1,singular-plural,0,5.027396676069989
singular-plural,linguistic,0,0,naive,0.02,1,31,all,0,0
singular-plural,linguistic,4,0,cass,0.18,0.671,4,present-past|capitalize|english-french|english-german,0.1666,5.66
singular-plural,linguistic,4,0,cass_recon,0.06,0.671,4,present-past|capitalize|english-french|english-german,0.1666,5.66
singular-plural,linguistic,4,0,zvec,0.02,0.671,4,present-past|capitalize|english-french|english-german,0.1666,5.66
singular-plural,linguistic,4,1,cass,0.04,0.682,4,present-past|capitalize|english-french|english-german,0.151,5.25
singular-plural,linguistic,4,1,cass_recon,0.04,0.682,4,present-past|capitalize|english-french|english-german,0.151,5.25
singular-plural,linguistic,4,1,zvec,0.02,0.682,4,present-past|capitalize|english-french|english-german,0.151,5.25
singular-plural,linguistic,4,2,cass,0.18,0.6841,4,present-past|capitalize|english-french|prev-item,0.1619,5.58
singular-plural,linguistic,4,2,cass_recon,0.04,0.6841,4,present-past|capitalize|english-french|prev-item,0.1619,5.58
singular-plural,linguistic,4,2,zvec,0.02,0.6841,4,present-past|capitalize|english-french|prev-item,0.1619,5.58
singular-plural,linguistic,4,3,cass,0.14,0.6807,5,present-past|capitalize|english-french|english-german|prev-item,0.1573,5.55
singular-plural,linguistic,4,4,cass,0.16,0.7262,5,present-past|capitalize|english-french|english-german|prev-item,0.1405,5.2
capitalize,linguistic,0,0,oracle,0.98,0,1,capitalize,0,4.4391971496982725
capitalize,linguistic,0,0,naive,0.74,1,31,all,0,0
capitalize,linguistic,4,0,cass,0.9,0.6735,5,present-past|singular-plural|lowercase-first-letter|prev-item|verb-from-list,0.1241,5.04
capitalize,linguistic,4,0,cass_recon,0.92,0.6735,5,present-past|singular-plural|lowercase-first-letter|prev-item|verb-from-list,0.1241,5.04
capitalize,linguistic,4,0,zvec,0.86,0.6735,5,present-past|singular-plural|lowercase-first-letter|prev-item|verb-from-list,0.1241,5.04
capitalize,linguistic,4,1,cass,0.94,0.6979,4,present-past|singular-plural|lowercase-first-letter|verb-from-list,0.1483,5.1
capitalize,linguistic,4,1,cass_recon,0.96,0.6979,4,present-past|singular-plural|lowercase-first-letter|verb-from-list,0.1483,5.1
capitalize,linguistic,4,1,zvec,0.92,0.6979,4,present-past|singular-plural|lowercase-first-letter|verb-from-list,0.1483,5.1
capitalize,linguistic,4,2,cass,0.96,0.7027,5,present-past|singular-plural|lowercase-first-letter|english-french|verb-from-list,0.1362,4.69
capitalize,linguistic,4,2,cass_recon,0.96,0.7027,5,present-past|singular-plural|lowercase-first-letter|english-french|verb-from-list,0.1362,4.69
capitalize,linguistic,4,2,zvec,0.92,0.7027,5,present-past|singular-plural|lowercase-first-letter|english-french|verb-from-list,0.1362,4.69
capitalize,linguistic,4,3,cass,0.96,0.7157,4,present-past|singular-plural|lowercase-first-letter|verb-from-list,0.1352,4.71
capitalize,linguistic,4,4,cass,0.86,0.7665,5,present-past|singular-plural|prev-item|choose-first-of-list|verb-from-list,0.1649,4.9
capitalize-first-letter,linguistic,0,0,oracle,0.02,0,1,capitalize-first-letter,0,3.7475280172571632
capitalize-first-letter,linguistic,0,0,naive,0.02,1,31,all,0,0
capitalize-first-letter,linguistic,4,0,cass,0.02,0.5862,4,present-past|capitalize-last-letter|lowercase-first-letter|next-capital-letter,0.1088,4.1
capitalize-first-letter,linguistic,4,0,cass_recon,0.02,0.5862,4,present-past|capitalize-last-letter|lowercase-first-letter|next-capital-letter,0.1088,4.1
capitalize-first-letter,linguistic,4,0,zvec,0.02,0.5862,4,present-past|capitalize-last-letter|lowercase-first-letter|next-capital-letter,0.1088,4.1
capitalize-first-letter,linguistic,4,1,cass,0.02,0.492,5,present-past|singular-plural|capitalize-last-letter|lowercase-first-letter|next-capital-letter,0.0367,2.45
capitalize-first-letter,linguistic,4,1,cass_recon,0.02,0.492,5,present-past|singular-plural|capitalize-last-letter|lowercase-first-letter|next-capital-letter,0.0367,2.45
capitalize-first-letter,linguistic,4,1,zvec,0.02,0.492,5,present-past|singular-plural|capitalize-last-letter|lowercase-first-letter|next-capital-letter,0.0367,2.45
capitalize-first-letter,linguistic,4,2,cass,0.02,0.5697,4,singular-plural|capitalize-last-letter|lowercase-first-letter|next-capital-letter,0.0946,3.54
capitalize-first-letter,linguistic,4,2,cass_recon,0.02,0.5697,4,singular-plural|capitalize-last-letter|lowercase-first-letter|next-capital-letter,0.0946,3.54
capitalize-first-letter,linguistic,4,2,zvec,0.02,0.5697,4,singular-plural|capitalize-last-letter|lowercase-first-letter|next-capital-letter,0.0946,3.54
capitalize-first-letter,linguistic,4,3,cass,0.02,0.5225,5,capitalize-last-letter|lowercase-first-letter|next-item|prev-item|next-capital-letter,0.0438,2.43
capitalize-first-letter,linguistic,4,4,cass,0.02,0.5586,3,capitalize-last-letter|lowercase-first-letter|next-capital-letter,0.0794,2.96
capitalize-last-letter,linguistic,0,0,oracle,0.0,0,1,capitalize-last-letter,0,0.8031726393848652
capitalize-last-letter,linguistic,0,0,naive,0.0,1,31,all,0,0
capitalize-last-letter,linguistic,4,0,cass,0.0,0.7018,5,capitalize-first-letter|lowercase-first-letter|prev-item|next-capital-letter|word-length,0.025,1.1
capitalize-last-letter,linguistic,4,0,cass_recon,0.0,0.7018,5,capitalize-first-letter|lowercase-first-letter|prev-item|next-capital-letter|word-length,0.025,1.1
capitalize-last-letter,linguistic,4,0,zvec,0.0,0.7018,5,capitalize-first-letter|lowercase-first-letter|prev-item|next-capital-letter|word-length,0.025,1.1
capitalize-last-letter,linguistic,4,1,cass,0.0,0.907,5,capitalize-first-letter|lowercase-first-letter|next-item|next-capital-letter|color-from-list,0.0278,0.66
capitalize-last-letter,linguistic,4,1,cass_recon,0.0,0.907,5,capitalize-first-letter|lowercase-first-letter|next-item|next-capital-letter|color-from-list,0.0278,0.66
capitalize-last-letter,linguistic,4,1,zvec,0.0,0.907,5,capitalize-first-letter|lowercase-first-letter|next-item|next-capital-letter|color-from-list,0.0278,0.66
capitalize-last-letter,linguistic,4,2,cass,0.0,0.7582,3,capitalize-first-letter|next-capital-letter|color-from-list,0.0315,0.94
capitalize-last-letter,linguistic,4,2,cass_recon,0.0,0.7582,3,capitalize-first-letter|next-capital-letter|color-from-list,0.0315,0.94
capitalize-last-letter,linguistic,4,2,zvec,0.0,0.7582,3,capitalize-first-letter|next-capital-letter|color-from-list,0.0315,0.94
capitalize-last-letter,linguistic,4,3,cass,0.0,0.7755,5,antonym|synonym|capitalize-first-letter|lowercase-first-letter|next-capital-letter,0.0315,1.02
capitalize-last-letter,linguistic,4,4,cass,0.0,0.6061,5,synonym|capitalize-first-letter|lowercase-first-letter|english-spanish|next-capital-letter,0.0851,2.65
lowercase-first-letter,linguistic,0,0,oracle,0.0,0,1,lowercase-first-letter,0,3.322440580653224
lowercase-first-letter,linguistic,0,0,naive,0.0,1,31,all,0,0
lowercase-first-letter,linguistic,4,0,cass,0.0,0.5461,3,capitalize-first-letter|capitalize-last-letter|next-capital-letter,0.0668,3.59
lowercase-first-letter,linguistic,4,0,cass_recon,0.0,0.5461,3,capitalize-first-letter|capitalize-last-letter|next-capital-letter,0.0668,3.59
lowercase-first-letter,linguistic,4,0,zvec,0.0,0.5461,3,capitalize-first-letter|capitalize-last-letter|next-capital-letter,0.0668,3.59
lowercase-first-letter,linguistic,4,1,cass,0.0,0.5986,4,capitalize-first-letter|capitalize-last-letter|next-capital-letter|choose-last-of-list,0.0939,3.44
lowercase-first-letter,linguistic,4,1,cass_recon,0.0,0.5986,4,capitalize-first-letter|capitalize-last-letter|next-capital-letter|choose-last-of-list,0.0939,3.44
lowercase-first-letter,linguistic,4,1,zvec,0.0,0.5986,4,capitalize-first-letter|capitalize-last-letter|next-capital-letter|choose-last-of-list,0.0939,3.44
lowercase-first-letter,linguistic,4,2,cass,0.0,0.5304,4,synonym|capitalize-first-letter|capitalize-last-letter|next-capital-letter,0.0558,2.99
lowercase-first-letter,linguistic,4,2,cass_recon,0.0,0.5304,4,synonym|capitalize-first-letter|capitalize-last-letter|next-capital-letter,0.0558,2.99
lowercase-first-letter,linguistic,4,2,zvec,0.0,0.5304,4,synonym|capitalize-first-letter|capitalize-last-letter|next-capital-letter,0.0558,2.99
lowercase-first-letter,linguistic,4,3,cass,0.0,0.5361,4,capitalize-first-letter|capitalize-last-letter|prev-item|next-capital-letter,0.0662,3.54
lowercase-first-letter,linguistic,4,4,cass,0.0,0.5665,3,capitalize-first-letter|capitalize-last-letter|next-capital-letter,0.0716,3.17
english-french,translation,0,0,oracle,0.54,0,1,english-french,0,4.896526734421547
english-french,translation,0,0,naive,0.0,1,31,all,0,0
english-french,translation,4,0,cass,0.0,0.6712,2,english-german|english-spanish,0.2145,4.34
english-french,translation,4,0,cass_recon,0.0,0.6712,2,english-german|english-spanish,0.2145,4.34
english-french,translation,4,0,zvec,0.0,0.6712,2,english-german|english-spanish,0.2145,4.34
english-french,translation,4,1,cass,0.04,0.5236,2,english-german|english-spanish,0.1177,5.05
english-french,translation,4,1,cass_recon,0.0,0.5236,2,english-german|english-spanish,0.1177,5.05
english-french,translation,4,1,zvec,0.0,0.5236,2,english-german|english-spanish,0.1177,5.05
english-french,translation,4,2,cass,0.02,0.652,5,present-past|capitalize|english-german|english-spanish|alphabetically-first,0.2019,5.09
english-french,translation,4,2,cass_recon,0.0,0.652,5,present-past|capitalize|english-german|english-spanish|alphabetically-first,0.2019,5.09
english-french,translation,4,2,zvec,0.0,0.652,5,present-past|capitalize|english-german|english-spanish|alphabetically-first,0.2019,5.09
english-french,translation,4,3,cass,0.02,0.5945,5,singular-plural|english-german|english-spanish|alphabetically-last|choose-middle-of-list,0.1396,5.16
english-french,translation,4,4,cass,0.0,0.5671,5,present-past|singular-plural|capitalize|english-german|english-spanish,0.1189,5.47
english-german,translation,0,0,oracle,0.38,0,1,english-german,0,4.729609956047978
english-german,translation,0,0,naive,0.0,1,31,all,0,0
english-german,translation,4,0,cass,0.4,0.56,5,synonym|capitalize-first-letter|english-french|english-spanish|next-item,0.1188,5.35
english-german,translation,4,0,cass_recon,0.02,0.56,5,synonym|capitalize-first-letter|english-french|english-spanish|next-item,0.1188,5.35
english-german,translation,4,0,zvec,0.0,0.56,5,synonym|capitalize-first-letter|english-french|english-spanish|next-item,0.1188,5.35
english-german,translation,4,1,cass,0.2,0.6546,4,capitalize|capitalize-first-letter|english-french|english-spanish,0.109,4.33
english-german,translation,4,1,cass_recon,0.02,0.6546,4,capitalize|capitalize-first-letter|english-french|english-spanish,0.109,4.33
english-german,translation,4,1,zvec,0.0,0.6546,4,capitalize|capitalize-first-letter|english-french|english-spanish,0.109,4.33
english-german,translation,4,2,cass,0.04,0.5892,5,synonym|capitalize|english-french|english-spanish|alphabetically-last,0.1476,5.45
english-german,translation,4,2,cass_recon,0.02,0.5892,5,synonym|capitalize|english-french|english-spanish|alphabetically-last,0.1476,5.45
english-german,translation,4,2,zvec,0.0,0.5892,5,synonym|capitalize|english-french|english-spanish|alphabetically-last,0.1476,5.45
english-german,translation,4,3,cass,0.06,0.5797,4,synonym|english-french|english-spanish|alphabetically-last,0.1239,4.66
english-german,translation,4,4,cass,0.02,0.5372,5,product-company|synonym|english-french|english-spanish|alphabetically-last,0.1269,5.62
english-spanish,translation,0,0,oracle,0.64,0,1,english-spanish,0,4.852156903706396
english-spanish,translation,0,0,naive,0.0,1,31,all,0,0
english-spanish,translation,4,0,cass,0.26,0.4978,5,synonym|present-past|capitalize|english-french|english-german,0.0769,6.08
english-spanish,translation,4,0,cass_recon,0.0,0.4978,5,synonym|present-past|capitalize|english-french|english-german,0.0769,6.08
english-spanish,translation,4,0,zvec,0.0,0.4978,5,synonym|present-past|capitalize|english-french|english-german,0.0769,6.08
english-spanish,translation,4,1,cass,0.4,0.5893,3,capitalize|english-french|english-german,0.1284,4.71
english-spanish,translation,4,1,cass_recon,0.0,0.5893,3,capitalize|english-french|english-german,0.1284,4.71
english-spanish,translation,4,1,zvec,0.0,0.5893,3,capitalize|english-french|english-german,0.1284,4.71
english-spanish,translation,4,2,cass,0.36,0.5907,3,synonym|english-french|english-german,0.1441,5.34
english-spanish,translation,4,2,cass_recon,0.0,0.5907,3,synonym|english-french|english-german,0.1441,5.34
english-spanish,translation,4,2,zvec,0.0,0.5907,3,synonym|english-french|english-german,0.1441,5.34
english-spanish,translation,4,3,cass,0.34,0.6038,3,english-french|english-german|alphabetically-first,0.1379,5.16
english-spanish,translation,4,4,cass,0.4,0.5076,4,synonym|english-french|english-german|verb-from-list,0.0837,5.45
next-item,algorithmic,0,0,oracle,0.74,0,1,next-item,0,4.584512198903683
next-item,algorithmic,0,0,naive,0.0,1,31,all,0,0
next-item,algorithmic,4,0,cass,0.26,0.6162,3,synonym|prev-item|next-capital-letter,0.09,4.11
next-item,algorithmic,4,0,cass_recon,0.28,0.6162,3,synonym|prev-item|next-capital-letter,0.09,4.11
next-item,algorithmic,4,0,zvec,0.3,0.6162,3,synonym|prev-item|next-capital-letter,0.09,4.11
next-item,algorithmic,4,1,cass,0.4,0.6739,5,capitalize|capitalize-first-letter|lowercase-first-letter|prev-item|next-capital-letter,0.0969,3.88
next-item,algorithmic,4,1,cass_recon,0.14,0.6739,5,capitalize|capitalize-first-letter|lowercase-first-letter|prev-item|next-capital-letter,0.0969,3.88
next-item,algorithmic,4,1,zvec,0.28,0.6739,5,capitalize|capitalize-first-letter|lowercase-first-letter|prev-item|next-capital-letter,0.0969,3.88
next-item,algorithmic,4,2,cass,0.5,0.5974,4,antonym|synonym|capitalize|prev-item,0.0902,5.07
next-item,algorithmic,4,2,cass_recon,0.36,0.5974,4,antonym|synonym|capitalize|prev-item,0.0902,5.07
next-item,algorithmic,4,2,zvec,0.42,0.5974,4,antonym|synonym|capitalize|prev-item,0.0902,5.07
next-item,algorithmic,4,3,cass,0.56,0.8387,4,capitalize-last-letter|lowercase-first-letter|prev-item|next-capital-letter,0.0732,2.16
next-item,algorithmic,4,4,cass,0.48,0.7729,2,singular-plural|prev-item,0.095,3.59
prev-item,algorithmic,0,0,oracle,0.62,0,1,prev-item,0,5.1619587047763735
prev-item,algorithmic,0,0,naive,0.0,1,31,all,0,0
prev-item,algorithmic,4,0,cass,0.1,0.6774,4,antonym|synonym|next-item|next-capital-letter,0.1589,5.25
prev-item,algorithmic,4,0,cass_recon,0.02,0.6774,4,antonym|synonym|next-item|next-capital-letter,0.1589,5.25
prev-item,algorithmic,4,0,zvec,0.2,0.6774,4,antonym|synonym|next-item|next-capital-letter,0.1589,5.25
prev-item,algorithmic,4,1,cass,0.06,0.7325,4,antonym|capitalize-first-letter|next-item|next-capital-letter,0.1355,3.81
prev-item,algorithmic,4,1,cass_recon,0.02,0.7325,4,antonym|capitalize-first-letter|next-item|next-capital-letter,0.1355,3.81
prev-item,algorithmic,4,1,zvec,0.1,0.7325,4,antonym|capitalize-first-letter|next-item|next-capital-letter,0.1355,3.81
prev-item,algorithmic,4,2,cass,0.06,0.722,5,antonym|synonym|capitalize-first-letter|next-item|next-capital-letter,0.1519,5.42
prev-item,algorithmic,4,2,cass_recon,0.02,0.722,5,antonym|synonym|capitalize-first-letter|next-item|next-capital-letter,0.1519,5.42
prev-item,algorithmic,4,2,zvec,0.24,0.722,5,antonym|synonym|capitalize-first-letter|next-item|next-capital-letter,0.1519,5.42
prev-item,algorithmic,4,3,cass,0.22,0.8304,5,antonym|capitalize-first-letter|next-item|next-capital-letter|color-from-list,0.0845,2.41
prev-item,algorithmic,4,4,cass,0.14,0.7902,3,antonym|next-item|alphabetically-last,0.1232,3.86
next-capital-letter,algorithmic,0,0,oracle,0.0,0,1,next-capital-letter,0,0.6793148024864124
next-capital-letter,algorithmic,0,0,naive,0.0,1,31,all,0,0
next-capital-letter,algorithmic,4,0,cass,0.0,0.7897,4,capitalize-first-letter|capitalize-last-letter|word-length|animal-from-list,0.0279,0.92
next-capital-letter,algorithmic,4,0,cass_recon,0.0,0.7897,4,capitalize-first-letter|capitalize-last-letter|word-length|animal-from-list,0.0279,0.92
next-capital-letter,algorithmic,4,0,zvec,0.0,0.7897,4,capitalize-first-letter|capitalize-last-letter|word-length|animal-from-list,0.0279,0.92
next-capital-letter,algorithmic,4,1,cass,0.0,0.6247,3,capitalize-first-letter|capitalize-last-letter|next-item,0.0577,2.29
next-capital-letter,algorithmic,4,1,cass_recon,0.0,0.6247,3,capitalize-first-letter|capitalize-last-letter|next-item,0.0577,2.29
next-capital-letter,algorithmic,4,1,zvec,0.0,0.6247,3,capitalize-first-letter|capitalize-last-letter|next-item,0.0577,2.29
next-capital-letter,algorithmic,4,2,cass,0.0,0.7596,3,capitalize-first-letter|capitalize-last-letter|lowercase-first-letter,0.0329,1.03
next-capital-letter,algorithmic,4,2,cass_recon,0.0,0.7596,3,capitalize-first-letter|capitalize-last-letter|lowercase-first-letter,0.0329,1.03
next-capital-letter,algorithmic,4,2,zvec,0.0,0.7596,3,capitalize-first-letter|capitalize-last-letter|lowercase-first-letter,0.0329,1.03
next-capital-letter,algorithmic,4,3,cass,0.0,0.633,5,capitalize-first-letter|capitalize-last-letter|lowercase-first-letter|next-item|prev-item,0.0424,1.66
next-capital-letter,algorithmic,4,4,cass,0.0,0.6979,5,capitalize-first-letter|capitalize-last-letter|lowercase-first-letter|prev-item|word-length,0.0199,1.03
word-length,algorithmic,0,0,oracle,0.0,0,1,word-length,0,0.33107465351270565
word-length,algorithmic,0,0,naive,0.0,1,31,all,0,0
word-length,algorithmic,4,0,cass,0.0,0.9445,5,capitalize-first-letter|capitalize-last-letter|lowercase-first-letter|next-item|choose-last-of-list,0.0084,0.25
word-length,algorithmic,4,0,cass_recon,0.0,0.9445,5,capitalize-first-letter|capitalize-last-letter|lowercase-first-letter|next-item|choose-last-of-list,0.0084,0.25
word-length,algorithmic,4,0,zvec,0.0,0.9445,5,capitalize-first-letter|capitalize-last-letter|lowercase-first-letter|next-item|choose-last-of-list,0.0084,0.25
word-length,algorithmic,4,1,cass,0.0,0.9652,3,capitalize-last-letter|next-capital-letter|fruit-from-list,0.0144,0.39
word-length,algorithmic,4,1,cass_recon,0.0,0.9652,3,capitalize-last-letter|next-capital-letter|fruit-from-list,0.0144,0.39
word-length,algorithmic,4,1,zvec,0.0,0.9652,3,capitalize-last-letter|next-capital-letter|fruit-from-list,0.0144,0.39
word-length,algorithmic,4,2,cass,0.0,0.961,3,lowercase-first-letter|next-capital-letter|fruit-from-list,0.0101,0.25
word-length,algorithmic,4,2,cass_recon,0.0,0.961,3,lowercase-first-letter|next-capital-letter|fruit-from-list,0.0101,0.25
word-length,algorithmic,4,2,zvec,0.0,0.961,3,lowercase-first-letter|next-capital-letter|fruit-from-list,0.0101,0.25
word-length,algorithmic,4,3,cass,0.0,0.9547,3,capitalize-last-letter|next-capital-letter|color-from-list,0.0077,0.21
word-length,algorithmic,4,4,cass,0.0,0.9168,3,capitalize-last-letter|alphabetically-first|color-from-list,0.0158,0.47
alphabetically-first,algorithmic,0,0,oracle,0.18,0,1,alphabetically-first,0,3.5494125568444983
alphabetically-first,algorithmic,0,0,naive,0.18,1,31,all,0,0
alphabetically-first,algorithmic,4,0,cass,0.18,0.5579,5,alphabetically-last|choose-last-of-list|choose-middle-of-list|animal-from-list|fruit-from-list,0.1253,3.73
alphabetically-first,algorithmic,4,0,cass_recon,0.2,0.5579,5,alphabetically-last|choose-last-of-list|choose-middle-of-list|animal-from-list|fruit-from-list,0.1253,3.73
alphabetically-first,algorithmic,4,0,zvec,0.18,0.5579,5,alphabetically-last|choose-last-of-list|choose-middle-of-list|animal-from-list|fruit-from-list,0.1253,3.73
alphabetically-first,algorithmic,4,1,cass,0.16,0.5133,5,alphabetically-last|choose-middle-of-list|animal-from-list|fruit-from-list|verb-from-list,0.1188,4.1
alphabetically-first,algorithmic,4,1,cass_recon,0.18,0.5133,5,alphabetically-last|choose-middle-of-list|animal-from-list|fruit-from-list|verb-from-list,0.1188,4.1
alphabetically-first,algorithmic,4,1,zvec,0.16,0.5133,5,alphabetically-last|choose-middle-of-list|animal-from-list|fruit-from-list|verb-from-list,0.1188,4.1
alphabetically-first,algorithmic,4,2,cass,0.18,0.4938,5,alphabetically-last|choose-last-of-list|choose-middle-of-list|animal-from-list|fruit-from-list,0.1201,4.14
alphabetically-first,algorithmic,4,2,cass_recon,0.18,0.4938,5,alphabetically-last|choose-last-of-list|choose-middle-of-list|animal-from-list|fruit-from-list,0.1201,4.14
alphabetically-first,algorithmic,4,2,zvec,0.16,0.4938,5,alphabetically-last|choose-last-of-list|choose-middle-of-list|animal-from-list|fruit-from-list,0.1201,4.14
alphabetically-first,algorithmic,4,3,cass,0.18,0.513,5,alphabetically-last|choose-last-of-list|choose-middle-of-list|animal-from-list|fruit-from-list,0.113,3.95
alphabetically-first,algorithmic,4,4,cass,0.18,0.5665,3,alphabetically-last|choose-middle-of-list|verb-from-list,0.1565,3.64
alphabetically-last,algorithmic,0,0,oracle,0.16,0,1,alphabetically-last,0,3.465965460116659
alphabetically-last,algorithmic,0,0,naive,0.2,1,31,all,0,0
alphabetically-last,algorithmic,4,0,cass,0.16,0.512,5,alphabetically-first|choose-first-of-list|choose-middle-of-list|animal-from-list|fruit-from-list,0.1063,3.64
alphabetically-last,algorithmic,4,0,cass_recon,0.18,0.512,5,alphabetically-first|choose-first-of-list|choose-middle-of-list|animal-from-list|fruit-from-list,0.1063,3.64
alphabetically-last,algorithmic,4,0,zvec,0.18,0.512,5,alphabetically-first|choose-first-of-list|choose-middle-of-list|animal-from-list|fruit-from-list,0.1063,3.64
alphabetically-last,algorithmic,4,1,cass,0.18,0.5517,5,alphabetically-first|choose-first-of-list|choose-last-of-list|choose-middle-of-list|verb-from-list,0.1031,3.67
alphabetically-last,algorithmic,4,1,cass_recon,0.18,0.5517,5,alphabetically-first|choose-first-of-list|choose-last-of-list|choose-middle-of-list|verb-from-list,0.1031,3.67
alphabetically-last,algorithmic,4,1,zvec,0.18,0.5517,5,alphabetically-first|choose-first-of-list|choose-last-of-list|choose-middle-of-list|verb-from-list,0.1031,3.67
alphabetically-last,algorithmic,4,2,cass,0.16,0.5273,5,alphabetically-first|choose-last-of-list|choose-middle-of-list|animal-from-list|fruit-from-list,0.1011,3.64
alphabetically-last,algorithmic,4,2,cass_recon,0.18,0.5273,5,alphabetically-first|choose-last-of-list|choose-middle-of-list|animal-from-list|fruit-from-list,0.1011,3.64
alphabetically-last,algorithmic,4,2,zvec,0.18,0.5273,5,alphabetically-first|choose-last-of-list|choose-middle-of-list|animal-from-list|fruit-from-list,0.1011,3.64
alphabetically-last,algorithmic,4,3,cass,0.16,0.5977,4,alphabetically-first|choose-last-of-list|animal-from-list|fruit-from-list,0.1528,3.69
alphabetically-last,algorithmic,4,4,cass,0.18,0.528,5,alphabetically-first|choose-last-of-list|choose-middle-of-list|color-from-list|verb-from-list,0.1025,3.63
choose-first-of-list,algorithmic,0,0,oracle,1.0,0,1,choose-first-of-list,0,4.150295854618044
choose-first-of-list,algorithmic,0,0,naive,0.84,1,31,all,0,0
choose-first-of-list,algorithmic,4,0,cass,1.0,0.7118,5,alphabetically-first|alphabetically-last|animal-from-list|color-from-list|fruit-from-list,0.2497,4.25
choose-first-of-list,algorithmic,4,0,cass_recon,0.98,0.7118,5,alphabetically-first|alphabetically-last|animal-from-list|color-from-list|fruit-from-list,0.2497,4.25
choose-first-of-list,algorithmic,4,0,zvec,0.96,0.7118,5,alphabetically-first|alphabetically-last|animal-from-list|color-from-list|fruit-from-list,0.2497,4.25
choose-first-of-list,algorithmic,4,1,cass,0.98,0.6639,5,alphabetically-first|alphabetically-last|animal-from-list|color-from-list|fruit-from-list,0.2204,4.55
choose-first-of-list,algorithmic,4,1,cass_recon,0.98,0.6639,5,alphabetically-first|alphabetically-last|animal-from-list|color-from-list|fruit-from-list,0.2204,4.55
choose-first-of-list,algorithmic,4,1,zvec,0.96,0.6639,5,alphabetically-first|alphabetically-last|animal-from-list|color-from-list|fruit-from-list,0.2204,4.55
choose-first-of-list,algorithmic,4,2,cass,1.0,0.6981,5,alphabetically-first|alphabetically-last|color-from-list|fruit-from-list|verb-from-list,0.1998,4.37
choose-first-of-list,algorithmic,4,2,cass_recon,0.98,0.6981,5,alphabetically-first|alphabetically-last|color-from-list|fruit-from-list|verb-from-list,0.1998,4.37
choose-first-of-list,algorithmic,4,2,zvec,0.96,0.6981,5,alphabetically-first|alphabetically-last|color-from-list|fruit-from-list|verb-from-list,0.1998,4.37
choose-first-of-list,algorithmic,4,3,cass,0.96,0.6449,4,alphabetically-first|alphabetically-last|color-from-list|verb-from-list,0.1784,4.7
choose-first-of-list,algorithmic,4,4,cass,1.0,0.6174,5,alphabetically-first|alphabetically-last|color-from-list|fruit-from-list|verb-from-list,0.1472,4.71
choose-last-of-list,algorithmic,0,0,oracle,0.0,0,1,choose-last-of-list,0,3.4059118281992395
choose-last-of-list,algorithmic,0,0,naive,0.0,1,31,all,0,0
choose-last-of-list,algorithmic,4,0,cass,0.08,0.6253,4,alphabetically-first|alphabetically-last|choose-middle-of-list|verb-from-list,0.1211,3.7
choose-last-of-list,algorithmic,4,0,cass_recon,0.02,0.6253,4,alphabetically-first|alphabetically-last|choose-middle-of-list|verb-from-list,0.1211,3.7
choose-last-of-list,algorithmic,4,0,zvec,0.04,0.6253,4,alphabetically-first|alphabetically-last|choose-middle-of-list|verb-from-list,0.1211,3.7
choose-last-of-list,algorithmic,4,1,cass,0.06,0.6085,3,alphabetically-first|alphabetically-last|verb-from-list,0.1476,3.54
choose-last-of-list,algorithmic,4,1,cass_recon,0.02,0.6085,3,alphabetically-first|alphabetically-last|verb-from-list,0.1476,3.54
choose-last-of-list,algorithmic,4,1,zvec,0.02,0.6085,3,alphabetically-first|alphabetically-last|verb-from-list,0.1476,3.54
choose-last-of-list,algorithmic,4,2,cass,0.02,0.6075,4,alphabetically-first|alphabetically-last|choose-first-of-list|verb-from-list,0.0945,3.53
choose-last-of-list,algorithmic,4,2,cass_recon,0.02,0.6075,4,alphabetically-first|alphabetically-last|choose-first-of-list|verb-from-list,0.0945,3.53
choose-last-of-list,algorithmic,4,2,zvec,0.0,0.6075,4,alphabetically-first|alphabetically-last|choose-first-of-list|verb-from-list,0.0945,3.53
choose-last-of-list,algorithmic,4,3,cass,0.0,0.607,5,alphabetically-first|alphabetically-last|animal-from-list|color-from-list|fruit-from-list,0.117,3.53
choose-last-of-list,algorithmic,4,4,cass,0.0,0.6101,5,alphabetically-first|alphabetically-last|choose-first-of-list|fruit-from-list|verb-from-list,0.0939,3.63
choose-middle-of-list,algorithmic,0,0,oracle,0.02,0,1,choose-middle-of-list,0,3.686759926952795
choose-middle-of-list,algorithmic,0,0,naive,0.04,1,31,all,0,0
choose-middle-of-list,algorithmic,4,0,cass,0.04,0.4904,4,alphabetically-first|alphabetically-last|fruit-from-list|verb-from-list,0.0919,3.87
choose-middle-of-list,algorithmic,4,0,cass_recon,0.04,0.4904,4,alphabetically-first|alphabetically-last|fruit-from-list|verb-from-list,0.0919,3.87
choose-middle-of-list,algorithmic,4,0,zvec,0.04,0.4904,4,alphabetically-first|alphabetically-last|fruit-from-list|verb-from-list,0.0919,3.87
choose-middle-of-list,algorithmic,4,1,cass,0.04,0.4904,4,alphabetically-first|alphabetically-last|choose-first-of-list|verb-from-list,0.1227,4.16
choose-middle-of-list,algorithmic,4,1,cass_recon,0.04,0.4904,4,alphabetically-first|alphabetically-last|choose-first-of-list|verb-from-list,0.1227,4.16
choose-middle-of-list,algorithmic,4,1,zvec,0.04,0.4904,4,alphabetically-first|alphabetically-last|choose-first-of-list|verb-from-list,0.1227,4.16
choose-middle-of-list,algorithmic,4,2,cass,0.06,0.5034,5,alphabetically-first|alphabetically-last|choose-first-of-list|choose-last-of-list|verb-from-list,0.1284,4.42
choose-middle-of-list,algorithmic,4,2,cass_recon,0.04,0.5034,5,alphabetically-first|alphabetically-last|choose-first-of-list|choose-last-of-list|verb-from-list,0.1284,4.42
choose-middle-of-list,algorithmic,4,2,zvec,0.06,0.5034,5,alphabetically-first|alphabetically-last|choose-first-of-list|choose-last-of-list|verb-from-list,0.1284,4.42
choose-middle-of-list,algorithmic,4,3,cass,0.06,0.5309,5,alphabetically-first|alphabetically-last|choose-first-of-list|choose-last-of-list|verb-from-list,0.1076,3.8
choose-middle-of-list,algorithmic,4,4,cass,0.06,0.4937,5,alphabetically-first|alphabetically-last|choose-first-of-list|fruit-from-list|verb-from-list,0.0727,3.76
animal-from-list,selection,0,0,oracle,0.26,0,1,animal-from-list,0,3.81803900687857
animal-from-list,selection,0,0,naive,0.24,1,31,all,0,0
animal-from-list,selection,4,0,cass,0.24,0.5719,5,alphabetically-first|alphabetically-last|choose-first-of-list|choose-middle-of-list|color-from-list,0.1736,4.17
animal-from-list,selection,4,0,cass_recon,0.24,0.5719,5,alphabetically-first|alphabetically-last|choose-first-of-list|choose-middle-of-list|color-from-list,0.1736,4.17
animal-from-list,selection,4,0,zvec,0.24,0.5719,5,alphabetically-first|alphabetically-last|choose-first-of-list|choose-middle-of-list|color-from-list,0.1736,4.17
animal-from-list,selection,4,1,cass,0.24,0.5849,5,alphabetically-first|alphabetically-last|choose-last-of-list|color-from-list|fruit-from-list,0.141,3.52
animal-from-list,selection,4,1,cass_recon,0.22,0.5849,5,alphabetically-first|alphabetically-last|choose-last-of-list|color-from-list|fruit-from-list,0.141,3.52
animal-from-list,selection,4,1,zvec,0.28,0.5849,5,alphabetically-first|alphabetically-last|choose-last-of-list|color-from-list|fruit-from-list,0.141,3.52
animal-from-list,selection,4,2,cass,0.24,0.5262,5,alphabetically-first|alphabetically-last|choose-middle-of-list|color-from-list|fruit-from-list,0.1829,4.2
animal-from-list,selection,4,2,cass_recon,0.24,0.5262,5,alphabetically-first|alphabetically-last|choose-middle-of-list|color-from-list|fruit-from-list,0.1829,4.2
animal-from-list,selection,4,2,zvec,0.24,0.5262,5,alphabetically-first|alphabetically-last|choose-middle-of-list|color-from-list|fruit-from-list,0.1829,4.2
animal-from-list,selection,4,3,cass,0.24,0.6316,5,alphabetically-first|alphabetically-last|choose-middle-of-list|color-from-list|fruit-from-list,0.2515,3.93
animal-from-list,selection,4,4,cass,0.3,0.6462,5,alphabetically-first|alphabetically-last|choose-last-of-list|choose-middle-of-list|fruit-from-list,0.2442,3.96
color-from-list,selection,0,0,oracle,0.14,0,1,color-from-list,0,4.061227819175857
color-from-list,selection,0,0,naive,0.14,1,31,all,0,0
color-from-list,selection,4,0,cass,0.2,0.6346,5,alphabetically-first|choose-last-of-list|choose-middle-of-list|animal-from-list|fruit-from-list,0.1509,3.06
color-from-list,selection,4,0,cass_recon,0.2,0.6346,5,alphabetically-first|choose-last-of-list|choose-middle-of-list|animal-from-list|fruit-from-list,0.1509,3.06
color-from-list,selection,4,0,zvec,0.14,0.6346,5,alphabetically-first|choose-last-of-list|choose-middle-of-list|animal-from-list|fruit-from-list,0.1509,3.06
color-from-list,selection,4,1,cass,0.18,0.5396,5,alphabetically-first|choose-last-of-list|choose-middle-of-list|animal-from-list|fruit-from-list,0.1391,3.2
color-from-list,selection,4,1,cass_recon,0.2,0.5396,5,alphabetically-first|choose-last-of-list|choose-middle-of-list|animal-from-list|fruit-from-list,0.1391,3.2
color-from-list,selection,4,1,zvec,0.16,0.5396,5,alphabetically-first|choose-last-of-list|choose-middle-of-list|animal-from-list|fruit-from-list,0.1391,3.2
color-from-list,selection,4,2,cass,0.16,0.5947,4,alphabetically-first|alphabetically-last|animal-from-list|fruit-from-list,0.2234,4.27
color-from-list,selection,4,2,cass_recon,0.18,0.5947,4,alphabetically-first|alphabetically-last|animal-from-list|fruit-from-list,0.2234,4.27
color-from-list,selection,4,2,zvec,0.14,0.5947,4,alphabetically-first|alphabetically-last|animal-from-list|fruit-from-list,0.2234,4.27
color-from-list,selection,4,3,cass,0.18,0.6324,5,alphabetically-first|alphabetically-last|choose-middle-of-list|animal-from-list|fruit-from-list,0.257,4.04
color-from-list,selection,4,4,cass,0.14,0.616,5,alphabetically-first|alphabetically-last|animal-from-list|fruit-from-list|verb-from-list,0.1927,4.73
fruit-from-list,selection,0,0,oracle,0.36,0,1,fruit-from-list,0,4.312022880344496
fruit-from-list,selection,0,0,naive,0.26,1,31,all,0,0
fruit-from-list,selection,4,0,cass,0.3,0.5306,5,alphabetically-first|alphabetically-last|choose-middle-of-list|animal-from-list|color-from-list,0.157,4.5
fruit-from-list,selection,4,0,cass_recon,0.34,0.5306,5,alphabetically-first|alphabetically-last|choose-middle-of-list|animal-from-list|color-from-list,0.157,4.5
fruit-from-list,selection,4,0,zvec,0.34,0.5306,5,alphabetically-first|alphabetically-last|choose-middle-of-list|animal-from-list|color-from-list,0.157,4.5
fruit-from-list,selection,4,1,cass,0.28,0.59,5,alphabetically-first|choose-last-of-list|choose-middle-of-list|animal-from-list|color-from-list,0.2205,4.26
fruit-from-list,selection,4,1,cass_recon,0.32,0.59,5,alphabetically-first|choose-last-of-list|choose-middle-of-list|animal-from-list|color-from-list,0.2205,4.26
fruit-from-list,selection,4,1,zvec,0.3,0.59,5,alphabetically-first|choose-last-of-list|choose-middle-of-list|animal-from-list|color-from-list,0.2205,4.26
fruit-from-list,selection,4,2,cass,0.28,0.4919,5,alphabetically-last|choose-last-of-list|choose-middle-of-list|animal-from-list|color-from-list,0.1726,4.85
fruit-from-list,selection,4,2,cass_recon,0.32,0.4919,5,alphabetically-last|choose-last-of-list|choose-middle-of-list|animal-from-list|color-from-list,0.1726,4.85
fruit-from-list,selection,4,2,zvec,0.36,0.4919,5,alphabetically-last|choose-last-of-list|choose-middle-of-list|animal-from-list|color-from-list,0.1726,4.85
fruit-from-list,selection,4,3,cass,0.3,0.5609,5,alphabetically-first|alphabetically-last|choose-middle-of-list|animal-from-list|color-from-list,0.2514,4.71
fruit-from-list,selection,4,4,cass,0.28,0.5268,5,alphabetically-first|choose-last-of-list|choose-middle-of-list|animal-from-list|color-from-list,0.182,4.19
verb-from-list,selection,0,0,oracle,0.2,0,1,verb-from-list,0,3.418115174711229
verb-from-list,selection,0,0,naive,0.06,1,31,all,0,0
verb-from-list,selection,4,0,cass,0.18,0.7144,5,alphabetically-first|alphabetically-last|choose-first-of-list|choose-last-of-list|choose-middle-of-list,0.2149,3.72
verb-from-list,selection,4,0,cass_recon,0.2,0.7144,5,alphabetically-first|alphabetically-last|choose-first-of-list|choose-last-of-list|choose-middle-of-list,0.2149,3.72
verb-from-list,selection,4,0,zvec,0.18,0.7144,5,alphabetically-first|alphabetically-last|choose-first-of-list|choose-last-of-list|choose-middle-of-list,0.2149,3.72
verb-from-list,selection,4,1,cass,0.2,0.7705,3,alphabetically-first|alphabetically-last|choose-last-of-list,0.2719,3.91
verb-from-list,selection,4,1,cass_recon,0.2,0.7705,3,alphabetically-first|alphabetically-last|choose-last-of-list,0.2719,3.91
verb-from-list,selection,4,1,zvec,0.18,0.7705,3,alphabetically-first|alphabetically-last|choose-last-of-list,0.2719,3.91
verb-from-list,selection,4,2,cass,0.18,0.6623,5,alphabetically-first|alphabetically-last|choose-first-of-list|choose-last-of-list|choose-middle-of-list,0.1163,3.82
verb-from-list,selection,4,2,cass_recon,0.2,0.6623,5,alphabetically-first|alphabetically-last|choose-first-of-list|choose-last-of-list|choose-middle-of-list,0.1163,3.82
verb-from-list,selection,4,2,zvec,0.18,0.6623,5,alphabetically-first|alphabetically-last|choose-first-of-list|choose-last-of-list|choose-middle-of-list,0.1163,3.82
verb-from-list,selection,4,3,cass,0.18,0.6638,3,alphabetically-first|alphabetically-last|choose-last-of-list,0.1129,3.74
verb-from-list,selection,4,4,cass,0.18,0.6461,5,alphabetically-first|alphabetically-last|choose-last-of-list|choose-middle-of-list|color-from-list,0.212,4.29
